{"cameraMode":{"drawMode":0,"name":"Shaded","section":"Shading Mode"},"sceneLighting":false,"audioPlay":false,"sceneViewState":{"showFog":true,"showMaterialUpdate":false,"showSkybox":false,"showFlares":true,"showImageEffects":true,"showParticleSystems":true},"in2DMode":false,"pivot":{"x":-7.980869293212891,"y":2.450000047683716,"z":-5.409999847412109},"rotation":{"x":0.27299079298973086,"y":0.42450687289237978,"z":-0.13593347370624543,"w":0.8525213003158569},"size":0.30822092294692995,"orthographic":true}